#Accounts Update

INSERT INTO ACCOUNTs (UID, Passcode)
Values ('RyanYu', '123456');

INSERT INTO ACCOUNTs (UID, Passcode)
Values ('BarryZhao', '123456');

INSERT INTO ACCOUNTs (UID, Passcode)
Values ('BobInBrooklyn', 'dm1928');

INSERT INTO ACCOUNTs (UID, Passcode)
Values ('Sofia250', 'sf0933');

INSERT INTO ACCOUNTs (UID, Passcode)
Values ('KatherineLangford','kl1573');

INSERT INTO ACCOUNTs (UID, Passcode)
Values ('DanStevens', 'biao86');

INSERT INTO ACCOUNTs (UID, Passcode)
Values ('ScarlettJohansson','black123');
	
INSERT INTO ACCOUNTs (UID, Passcode)
Values ('LukeEvans', 'vvnn90903');

INSERT INTO ACCOUNTs (UID, Passcode)
Values ('EmmaWatson', 'harryiloveu');

INSERT INTO ACCOUNTs (UID, Passcode)
Values ('CobieSmulders', 'ted1001');

INSERT INTO ACCOUNTs (UID, Passcode)
Values ('JenniferLawrence', 'hugerrightnow');	

INSERT INTO ACCOUNTs (UID, Passcode)
Values ('TaronEgerton', 'lovecolin11');	

INSERT INTO ACCOUNTs (UID, Passcode)
Values ('TomCruise', 'divorceplz');	

INSERT INTO ACCOUNTs (UID, Passcode)
Values ('WentworthMiller', 'prisonbreak007');	

INSERT INTO ACCOUNTs (UID, Passcode)
Values ('LeonardoDiCaprio', 'iwantoscar');	

INSERT INTO ACCOUNTs (UID, Passcode)
Values ('JamesMcAvoy', 'beautiful111');	
	
INSERT INTO ACCOUNTs (UID, Passcode)
Values ('AmyAdams', 'adamasdama');	

INSERT INTO ACCOUNTs (UID, Passcode)
Values ('ChrisEvans', 'captainamerica');		

INSERT INTO ACCOUNTs (UID, Passcode)
Values ('EmmaStone', 'stone123');		

INSERT INTO ACCOUNTs (UID, Passcode)
Values ('RyanGosling', 'goslinggg');	


#UserProfiles Update
#without avatar

INSERT INTO UserProfiles (UID, FirstName, LastName, Gender, City, State, Cellphone, EmailAddress, CreditCardNumber, Interests)
Values ('RyanYu', 'Ryan', 'Yu', 'Male', 'New York', 'NY', '9170001992', 'renqingyu@nyu.edu', '1314000000001987', 'Photography and music');

INSERT INTO UserProfiles (UID, FirstName, LastName, Gender, City, State, Cellphone, EmailAddress, CreditCardNumber, Interests)
Values ('BarryZhao', 'Barry', 'Zhao', 'Male', 'New York', 'NY', '5181992029', 'zhaoxiangyu@nyu.edu', '2088000000001292', 'Coding and reading');

INSERT INTO UserProfiles (UID, FirstName, LastName, Gender, City, State, Cellphone, EmailAddress, CreditCardNumber, Interests)
Values ('BobInBrooklyn', 'Bob', 'Dylan', 'Male', 'New York', 'NY', '1923309203', 'bobdylan@gmail.com', '2088840173941292', 'Fishing, hiking and running');

INSERT INTO UserProfiles (UID, FirstName, LastName, Gender, City, State, Cellphone, EmailAddress, CreditCardNumber, Interests)
Values ('Sofia250', 'Sofia', 'Boutella', 'Female', 'Montgomery', 'AL', '8324349301', 'sofiabbb@gmail.com', '9822073917482948', 'Dance');

INSERT INTO UserProfiles (UID, FirstName, LastName, Gender, City, State, Cellphone, EmailAddress, CreditCardNumber, Interests)
Values ('KatherineLangford', 'Katherine', 'Langford', 'Female', 'Atlanta', 'GA', '5381995027', 'langfordhaha@outlook.com', '1920444482930013', 'Music and dance');

INSERT INTO UserProfiles (UID, FirstName, LastName, Gender, City, State, Cellphone, EmailAddress, CreditCardNumber, Interests)
Values ('DanStevens', 'Dan', 'Stevens', 'Male', 'Frankfort', 'KY', '2938874173', 'dabiaoge@qq.com', '9292378300219493', 'Gym and exercise');

INSERT INTO UserProfiles (UID, FirstName, LastName, Gender, City, State, Cellphone, EmailAddress, CreditCardNumber, Interests)
Values ('ScarlettJohansson', 'Scarlett', 'Johansson', 'Female', 'Boston', 'MA', '7274462938', 'heiguafu@qq.com', '5718203394672283', 'Reading and running');

INSERT INTO UserProfiles (UID, FirstName, LastName, Gender, City, State, Cellphone, EmailAddress, CreditCardNumber, Interests)
Values ('LukeEvans', 'Luke', 'Evans', 'Male', 'Lansing ', 'MI', '97629298336', 'levvann@gmail.com', '9088228376142234', 'Music');

INSERT INTO UserProfiles (UID, FirstName, LastName, Gender, City, State, Cellphone, EmailAddress, CreditCardNumber, Interests)
Values ('EmmaWatson', 'Emma', 'Watson', 'Female', 'Columbus', 'OH', '5187722536', 'wastonlady@hotmail.com', '2876565319228374', 'Reading');

INSERT INTO UserProfiles (UID, FirstName, LastName, Gender, City, State, Cellphone, EmailAddress, CreditCardNumber, Interests)
Values ('CobieSmulders', 'Cobie', 'Smulders', 'Female', 'Chicago', 'IL', '4652533871', 'robincobie@gmail.com', '9388100238451611', 'Gym and music');

INSERT INTO UserProfiles (UID, FirstName, LastName, Gender, City, State, Cellphone, EmailAddress, CreditCardNumber, Interests)
Values ('JenniferLawrence', 'Jennifer', 'Lawrence', 'Female', 'Denver', 'CO', '5176635228', 'jenniferlaw@yahoo.com', '1922776600982833', 'Running, hiking and gym');

INSERT INTO UserProfiles (UID, FirstName, LastName, Gender, City, State, Cellphone, EmailAddress, CreditCardNumber, Interests)
Values ('TaronEgerton', 'Taron', 'Egerton', 'Male', 'Salt Lake City', 'UT', '3087224657', 'taronkingsman@gmail.com', '9087262256331017', 'Movies and tv shows');

INSERT INTO UserProfiles (UID, FirstName, LastName, Gender, City, State, Cellphone, EmailAddress, CreditCardNumber, Interests)
Values ('TomCruise', 'Tom', 'Cruise', 'Male', 'Richmond', 'VA', '8467231886', 'cruise@outlook.com', '2876335430031982', 'Fishing');

INSERT INTO UserProfiles (UID, FirstName, LastName, Gender, City, State, Cellphone, EmailAddress, CreditCardNumber, Interests)
Values ('WentworthMiller', 'Wentworth', 'Miller', 'Male', 'Springfield', 'IL', '2763533245', 'millerwww@gmail.com', '8097233467631881', 'Music and basketball');

INSERT INTO UserProfiles (UID, FirstName, LastName, Gender, City, State, Cellphone, EmailAddress, CreditCardNumber, Interests)
Values ('LeonardoDiCaprio', 'Leonardo', 'DiCaprio', 'Male', 'Austin', 'TX', '8771672998', 'xiaolizi@qq.com', '9288763611109223', 'Tennis and dance');

INSERT INTO UserProfiles (UID, FirstName, LastName, Gender, City, State, Cellphone, EmailAddress, CreditCardNumber, Interests)
Values ('JamesMcAvoy', 'James', 'McAvoy', 'Male', 'Tallahassee', 'FL', '5162238781', 'yimei@qq.com', '2733678719930998', 'Movies and reading');

INSERT INTO UserProfiles (UID, FirstName, LastName, Gender, City, State, Cellphone, EmailAddress, CreditCardNumber, Interests)
Values ('AmyAdams', 'Amy', 'Adams', 'Female', 'St. Paul', 'MN', '4773627021', 'aajuicy@hotmail.com', '3822739400802893', 'Dance');

INSERT INTO UserProfiles (UID, FirstName, LastName, Gender, City, State, Cellphone, EmailAddress, CreditCardNumber, Interests)
Values ('ChrisEvans', 'Chris', 'Evans', 'Male', 'Albany', 'NY', '5196270833', 'cecaptain@qq.com', '9112838726730800', 'Basketball and hiking');

INSERT INTO UserProfiles (UID, FirstName, LastName, Gender, City, State, Cellphone, EmailAddress, CreditCardNumber, Interests)
Values ('EmmaStone', 'Emma', 'Stone', 'Female', 'Los Angeles', 'CA', '5138789002', 'emmas@lalaland.com', '1022793026829208', 'Dance and sing');

INSERT INTO UserProfiles (UID, FirstName, LastName, Gender, City, State, Cellphone, EmailAddress, CreditCardNumber, Interests)
Values ('RyanGosling', 'Ryan', 'Gosling', 'Male', 'Los Angeles', 'CA', '7037825133', 'ryang@lalaland.com', '1739294825370913', 'Piano');

#Following Update

INSERT INTO Following (UID, FollowerID)
Values ('RyanYu', 'BarryZhao');

INSERT INTO Following (UID, FollowerID)
Values ('RyanYu', 'RyanGosling');

INSERT INTO Following (UID, FollowerID)
Values ('RyanYu', 'DanStevens');

INSERT INTO Following (UID, FollowerID)
Values ('RyanYu', 'CobieSmulders');

INSERT INTO Following (UID, FollowerID)
Values ('RyanYu', 'ChrisEvans');

INSERT INTO Following (UID, FollowerID)
Values ('RyanYu', 'TaronEgerton');

INSERT INTO Following (UID, FollowerID)
Values ('BarryZhao', 'RyanYu');

INSERT INTO Following (UID, FollowerID)
Values ('BarryZhao', 'BobInBrooklyn');

INSERT INTO Following (UID, FollowerID)
Values ('BarryZhao', 'Sofia250');

INSERT INTO Following (UID, FollowerID)
Values ('BarryZhao', 'KatherineLangford');

INSERT INTO Following (UID, FollowerID)
Values ('BarryZhao', 'ScarlettJohansson');

INSERT INTO Following (UID, FollowerID)
Values ('BobInBrooklyn', 'Sofia250');

INSERT INTO Following (UID, FollowerID)
Values ('BobInBrooklyn', 'KatherineLangford');

INSERT INTO Following (UID, FollowerID)
Values ('BobInBrooklyn', 'BarryZhao');

INSERT INTO Following (UID, FollowerID)
Values ('Sofia250', 'BobInBrooklyn');

INSERT INTO Following (UID, FollowerID)
Values ('KatherineLangford', 'Sofia250');

INSERT INTO Following (UID, FollowerID)
Values ('KatherineLangford', 'EmmaWatson');

INSERT INTO Following (UID, FollowerID)
Values ('DanStevens', 'RyanYu');

INSERT INTO Following (UID, FollowerID)
Values ('DanStevens', 'EmmaWatson');

INSERT INTO Following (UID, FollowerID)
Values ('DanStevens', 'BobInBrooklyn');

INSERT INTO Following (UID, FollowerID)
Values ('DanStevens', 'JamesMcAvoy');

INSERT INTO Following (UID, FollowerID)
Values ('DanStevens', 'TaronEgerton');

INSERT INTO Following (UID, FollowerID)
Values ('ScarlettJohansson', 'BarryZhao');

INSERT INTO Following (UID, FollowerID)
Values ('ScarlettJohansson', 'BobInBrooklyn');

INSERT INTO Following (UID, FollowerID)
Values ('ScarlettJohansson', 'ChrisEvans');

INSERT INTO Following (UID, FollowerID)
Values ('ScarlettJohansson', 'JenniferLawrence');

INSERT INTO Following (UID, FollowerID)
Values ('LukeEvans', 'Sofia250');

INSERT INTO Following (UID, FollowerID)
Values ('LukeEvans', 'CobieSmulders');

INSERT INTO Following (UID, FollowerID)
Values ('LukeEvans', 'JenniferLawrence');

INSERT INTO Following (UID, FollowerID)
Values ('LukeEvans', 'TomCruise');

INSERT INTO Following (UID, FollowerID)
Values ('EmmaWatson', 'DanStevens');

INSERT INTO Following (UID, FollowerID)
Values ('EmmaWatson', 'BobInBrooklyn');

INSERT INTO Following (UID, FollowerID)
Values ('EmmaWatson', 'BarryZhao');

INSERT INTO Following (UID, FollowerID)
Values ('EmmaWatson', 'Sofia250');

INSERT INTO Following (UID, FollowerID)
Values ('EmmaWatson', 'AmyAdams');

INSERT INTO Following (UID, FollowerID)
Values ('CobieSmulders', 'BobInBrooklyn');

INSERT INTO Following (UID, FollowerID)
Values ('CobieSmulders', 'TaronEgerton');

INSERT INTO Following (UID, FollowerID)
Values ('CobieSmulders', 'EmmaStone');

INSERT INTO Following (UID, FollowerID)
Values ('CobieSmulders', 'KatherineLangford');

INSERT INTO Following (UID, FollowerID)
Values ('JenniferLawrence', 'BarryZhao');

INSERT INTO Following (UID, FollowerID)
Values ('JenniferLawrence', 'Sofia250');

INSERT INTO Following (UID, FollowerID)
Values ('JenniferLawrence', 'JamesMcAvoy');

INSERT INTO Following (UID, FollowerID)
Values ('JenniferLawrence', 'BobInBrooklyn');

INSERT INTO Following (UID, FollowerID)
Values ('TaronEgerton', 'RyanYu');

INSERT INTO Following (UID, FollowerID)
Values ('TaronEgerton', 'WentworthMiller');

INSERT INTO Following (UID, FollowerID)
Values ('TaronEgerton', 'BobInBrooklyn');

INSERT INTO Following (UID, FollowerID)
Values ('TaronEgerton', 'DanStevens');

INSERT INTO Following (UID, FollowerID)
Values ('TaronEgerton', 'EmmaWatson');

INSERT INTO Following (UID, FollowerID)
Values ('TaronEgerton', 'JamesMcAvoy');

INSERT INTO Following (UID, FollowerID)
Values ('TomCruise', 'LukeEvans');

INSERT INTO Following (UID, FollowerID)
Values ('TomCruise', 'BobInBrooklyn');

INSERT INTO Following (UID, FollowerID)
Values ('TomCruise', 'Sofia250');

INSERT INTO Following (UID, FollowerID)
Values ('TomCruise', 'ScarlettJohansson');

INSERT INTO Following (UID, FollowerID)
Values ('TomCruise', 'AmyAdams');

INSERT INTO Following (UID, FollowerID)
Values ('TomCruise', 'CobieSmulders');

INSERT INTO Following (UID, FollowerID)
Values ('WentworthMiller', 'BobInBrooklyn');

INSERT INTO Following (UID, FollowerID)
Values ('WentworthMiller', 'Sofia250');

INSERT INTO Following (UID, FollowerID)
Values ('WentworthMiller', 'LeonardoDiCaprio');

INSERT INTO Following (UID, FollowerID)
Values ('WentworthMiller', 'AmyAdams');

INSERT INTO Following (UID, FollowerID)
Values ('LeonardoDiCaprio', 'BarryZhao');

INSERT INTO Following (UID, FollowerID)
Values ('LeonardoDiCaprio', 'KatherineLangford');

INSERT INTO Following (UID, FollowerID)
Values ('LeonardoDiCaprio', 'EmmaWatson');

INSERT INTO Following (UID, FollowerID)
Values ('LeonardoDiCaprio', 'LukeEvans');

INSERT INTO Following (UID, FollowerID)
Values ('LeonardoDiCaprio', 'BobInBrooklyn');

INSERT INTO Following (UID, FollowerID)
Values ('JamesMcAvoy', 'RyanYu');

INSERT INTO Following (UID, FollowerID)
Values ('JamesMcAvoy', 'Sofia250');

INSERT INTO Following (UID, FollowerID)
Values ('JamesMcAvoy', 'BobInBrooklyn');

INSERT INTO Following (UID, FollowerID)
Values ('JamesMcAvoy', 'EmmaWatson');

INSERT INTO Following (UID, FollowerID)
Values ('JamesMcAvoy', 'TaronEgerton');

INSERT INTO Following (UID, FollowerID)
Values ('JamesMcAvoy', 'AmyAdams');

INSERT INTO Following (UID, FollowerID)
Values ('AmyAdams', 'BarryZhao');

INSERT INTO Following (UID, FollowerID)
Values ('AmyAdams', 'BobInBrooklyn');

INSERT INTO Following (UID, FollowerID)
Values ('AmyAdams', 'KatherineLangford');

INSERT INTO Following (UID, FollowerID)
Values ('AmyAdams', 'LukeEvans');

INSERT INTO Following (UID, FollowerID)
Values ('AmyAdams', 'LeonardoDiCaprio');

INSERT INTO Following (UID, FollowerID)
Values ('ChrisEvans', 'RyanYu');

INSERT INTO Following (UID, FollowerID)
Values ('ChrisEvans', 'BobInBrooklyn');

INSERT INTO Following (UID, FollowerID)
Values ('ChrisEvans', 'JamesMcAvoy');

INSERT INTO Following (UID, FollowerID)
Values ('ChrisEvans', 'AmyAdams');

INSERT INTO Following (UID, FollowerID)
Values ('ChrisEvans', 'ScarlettJohansson');

INSERT INTO Following (UID, FollowerID)
Values ('EmmaStone', 'RyanYu');

INSERT INTO Following (UID, FollowerID)
Values ('EmmaStone', 'BobInBrooklyn');

INSERT INTO Following (UID, FollowerID)
Values ('EmmaStone', 'KatherineLangford');

INSERT INTO Following (UID, FollowerID)
Values ('EmmaStone', 'RyanGosling');

INSERT INTO Following (UID, FollowerID)
Values ('RyanGosling', 'RyanYu');

INSERT INTO Following (UID, FollowerID)
Values ('RyanGosling', 'BobInBrooklyn');

INSERT INTO Following (UID, FollowerID)
Values ('RyanGosling', 'TaronEgerton');

INSERT INTO Following (UID, FollowerID)
Values ('RyanGosling', 'EmmaStone');

#Projects Update

#p1rate: 4+5+5 / 3 = 4.7
INSERT INTO Projects (ProjID, ProjName, Description, OwnerID, MinFundValue, MaxFundValue, PostTime, 
					FundingEndtime, StartTime, TargetTime, CompleteTime, LikeCount, SponsorCount, AlreadyFund, Status, AvgRating)
Values ('86101','Behind the Black Widow', 'A musical show on love, friendship and family of the superhero Black Widow. 
	We want this show to be an engaging, beautiful and emotive piece of theater, that actually says something about the great woman, 
	and to contribute to the ever-expanding dialogue on superhero‘s psychological pressure.','ScarlettJohansson','5000', '7000',
	'2017-01-08 09:00:00', '2017-01-15 21:00:00', '2017-01-15 21:00:00', '2017-02-08 00:00:00','2017-02-01 14:00:00','9', '3','6000', 'Completed', '4.7');

#p2rate: 4+5 / 2 = 4.5
INSERT INTO Projects (ProjID, ProjName, Description, OwnerID, MinFundValue, MaxFundValue, PostTime, 
					FundingEndtime, StartTime, TargetTime, CompleteTime, LikeCount, SponsorCount, AlreadyFund, Status, AvgRating)
Values ('86102', 'Highway to Hollywood', 'Webseries documenting a beautiful actress on a road trip to Hollywood. 
	She would document every moment and there are 11 target cities she need to hit along the way', 'ScarlettJohansson','1000', '2000',
	'2017-01-16 14:00:00', '2017-1-20 00:00:00', '2017-1-20 00:00:00', '2017-01-31 00:00:00', '2017-01-30 18:00:00','4', '2','1000', 'Completed', '4.5');

#p3rate: null ongoing
INSERT INTO Projects (ProjID, ProjName, Description, OwnerID, MinFundValue, MaxFundValue, PostTime, 
					FundingEndtime, StartTime, TargetTime, CompleteTime, LikeCount, SponsorCount, AlreadyFund, Status, AvgRating)
Values ('86103', 'Ma Ma Land', 'I am self-distributing this serial movie of multi-award winning film La La Land. 
		The story happens in Manhattan thus it is called Ma Ma Land. The money I raise here will go towards prints, trailers, 
		and movie advertising so that we can spread the word on screenings.', 'RyanGosling', '8000', '12000', 
		'2017-02-14 14:00:00', '2017-04-07 18:00:00', '2017-04-02 13:00:00', '2017-07-07 00:00:00', null, '11', '5','14000', 'Ongoing', null);

#p4rate: 4+3+5 / 3 = 4.0
INSERT INTO Projects (ProjID, ProjName, Description, OwnerID, MinFundValue, MaxFundValue, PostTime, 
					FundingEndtime, StartTime, TargetTime, CompleteTime, LikeCount, SponsorCount, AlreadyFund, Status, AvgRating)
Values ('86104', 'Actors Co-op Easter Show', 'The Young Actors Co-op of California performs "An Easter Day Show" in April. 
		The sets will be huge! The cast is huge! The budget is small... ', 'ScarlettJohansson', '4000', '5000','2017-02-20 14:00:00', '2017-3-20 00:00:00',
		'2017-3-20 00:00:00', '2017-04-16 10:00:00', '2017-04-16 10:00:00', '5', '3', '4000', 'Completed', '4.0');

#p5 not enough fund
INSERT INTO Projects (ProjID, ProjName, Description, OwnerID, MinFundValue, MaxFundValue, PostTime, 
					FundingEndtime, StartTime, TargetTime, CompleteTime, LikeCount, SponsorCount, AlreadyFund, Status, AvgRating)
Values ('86105', 'JiangNan Leather Shoes', 'This is a series of leather shoes set from my hometown JiangNan, a famous city of China.
		There will be a total of 12 pairs of shoes representing the Chinese Zodiac that will be launched throughout the rest of the year. 
		Such as the Rooster, Dog, and Pig.', 'KatherineLangford','9000', '12000', '2017-01-28 06:00:00', '2017-2-28 09:00:00', 
		null, '2017-05-16 00:00:00', null, '2', '1','2000', 'Failed', null);

#p6 funding
INSERT INTO Projects (ProjID, ProjName, Description, OwnerID, MinFundValue, MaxFundValue, PostTime, 
					FundingEndtime, StartTime, TargetTime, CompleteTime, LikeCount, SponsorCount, AlreadyFund, Status, AvgRating)
Values ('86106', 'Dreamland - A Debut Jazz Album', 'Dreamland is the first debut album of my jazz band, Emma and her squd.
			For years I have played musical roles in various pictures which trained me as a jazz drummer.
			This album represents my true musical loves.', 'EmmaStone', '9000', '12000','2017-03-17 08:00:00', '2017-5-20 19:00:00', 
			null, '2017-07-17 00:00:00', null, '5', '3','6000', 'Funding', null);

#p7 funding
INSERT INTO Projects (ProjID, ProjName, Description, OwnerID, MinFundValue, MaxFundValue, PostTime, 
					FundingEndtime, StartTime, TargetTime, CompleteTime, LikeCount, SponsorCount, AlreadyFund, Status, AvgRating)
Values ('86107', 'Dreamland Tour - A Jazz Band Tour', 'I firmly believe that the Dreamland album will go off without a hitch in the studio. 
		After the album release on July 17th, we would launch a tour in five different cities.
		Any support is greatly appreciated. Let us make this happen together.', 'EmmaStone', '10000', '15000', '2017-04-01 18:00:00', '2017-7-20 06:00:00',
		null, '2017-09-01 00:00:00', null, '2', '1','2000','Funding',null);

#p8 funding
INSERT INTO Projects (ProjID, ProjName, Description, OwnerID, MinFundValue, MaxFundValue, PostTime, 
					FundingEndtime, StartTime, TargetTime, CompleteTime, LikeCount, SponsorCount, AlreadyFund, Status, AvgRating)
Values ('86108', 'Glowing Jacket','I have spent a lot of time over the past few years looking at different jacket designs.
			Now I wanted to take the concept of a glow jacket, which is a fashion jacket line 
			with illumination stuff on the classic jackets.', 'LeonardoDiCaprio', '6000', '9000', '2017-03-01 17:00:00', '2017-5-22 12:00:00', 
			null, '2017-06-15 00:00:00', null, '3', '2','3500', 'Funding', null);



#Tags

INSERT INTO Tags (tag) VALUES ('Music');

INSERT INTO Tags (tag) VALUES ('Show');

INSERT INTO Tags (tag) VALUES ('Jazz');

INSERT INTO Tags (tag) VALUES ('Hiphop');

INSERT INTO Tags (tag) VALUES ('Pop');

INSERT INTO Tags (tag) VALUES ('Rock');

INSERT INTO Tags (tag) VALUES ('Movie');

INSERT INTO Tags (tag) VALUES ('Comedy');

INSERT INTO Tags (tag) VALUES ('Drama');

INSERT INTO Tags (tag) VALUES ('Mystery');

INSERT INTO Tags (tag) VALUES ('Sci-Fi');

INSERT INTO Tags (tag) VALUES ('Travel');

INSERT INTO Tags (tag) VALUES ('Culture');

INSERT INTO Tags (tag) VALUES ('Life');

INSERT INTO Tags (tag) VALUES ('Food');

INSERT INTO Tags (tag) VALUES ('Games');

INSERT INTO Tags (tag) VALUES ('Art');

INSERT INTO Tags (tag) VALUES ('Technology');

INSERT INTO Tags (tag) VALUES ('Photography');

INSERT INTO Tags (tag) VALUES ('Entertainment');

INSERT INTO Tags (tag) VALUES ('Education');

INSERT INTO Tags (tag) VALUES ('Books');

INSERT INTO Tags (tag) VALUES ('Dance');

INSERT INTO Tags (tag) VALUES ('Fitness');

INSERT INTO Tags (tag) VALUES ('Fashion');


#Label

INSERT INTO Label (ProjID, Tag)
Values ('86101', 'Jazz');

INSERT INTO Label (ProjID, Tag)
Values ('86101', 'Music');

INSERT INTO Label (ProjID, Tag)
Values ('86101', 'Show');

INSERT INTO Label (ProjID, Tag)
Values ('86102', 'Movie');

INSERT INTO Label (ProjID, Tag)
Values ('86102', 'Travel');

INSERT INTO Label (ProjID, Tag)
Values ('86103', 'Jazz');

INSERT INTO Label (ProjID, Tag)
Values ('86103', 'Music');

INSERT INTO Label (ProjID, Tag)
Values ('86103', 'Movie');

INSERT INTO Label (ProjID, Tag)
Values ('86104', 'Show');

INSERT INTO Label (ProjID, Tag)
Values ('86104', 'Entertainment');

INSERT INTO Label (ProjID, Tag)
Values ('86105', 'Fashion');

INSERT INTO Label (ProjID, Tag)
Values ('86105', 'Life');

INSERT INTO Label (ProjID, Tag)
Values ('86105', 'Culture');

INSERT INTO Label (ProjID, Tag)
Values ('86106', 'Music');

INSERT INTO Label (ProjID, Tag)
Values ('86106', 'Jazz');

INSERT INTO Label (ProjID, Tag)
Values ('86107', 'Music');

INSERT INTO Label (ProjID, Tag)
Values ('86107', 'Jazz');

INSERT INTO Label (ProjID, Tag)
Values ('86107', 'Show');

INSERT INTO Label (ProjID, Tag)
Values ('86108', 'Life');

INSERT INTO Label (ProjID, Tag)
Values ('86108', 'Fashion');

INSERT INTO Label (ProjID, Tag)
Values ('86108', 'Technology');

#Pledges update

#proj1
INSERT INTO Pledges (ProjID, UID, PledgeTime, Amount, CreditCardNumber)
Values('86101', 'JenniferLawrence', '2017-01-09 12:00:00', '1500', '1922776600982833');

INSERT INTO Pledges (ProjID, UID, PledgeTime, Amount, CreditCardNumber)
Values('86101', 'DanStevens', '2017-01-11 15:00:00', '2500', '9292378300219493');

INSERT INTO Pledges (ProjID, UID, PledgeTime, Amount, CreditCardNumber)
Values('86101', 'LukeEvans', '2017-01-14 11:00:00', '2000', '9088228376142234');

#proj2
INSERT INTO Pledges (ProjID, UID, PledgeTime, Amount, CreditCardNumber)
Values('86102', 'EmmaWatson', '2017-01-17 09:00:00', '1000', '2876565319228374');

INSERT INTO Pledges (ProjID, UID, PledgeTime, Amount, CreditCardNumber)
Values('86102', 'CobieSmulders', '2017-01-18 17:00:00', '1000', '9388100238451611');

#proj3
INSERT INTO Pledges (ProjID, UID, PledgeTime, Amount, CreditCardNumber)
Values('86103', 'JamesMcAvoy', '2017-02-19 09:00:00', '3500', '2733678719930998');

INSERT INTO Pledges (ProjID, UID, PledgeTime, Amount, CreditCardNumber)
Values('86103', 'DanStevens', '2017-02-27 18:00:00', '3000', '9292378300219493');

INSERT INTO Pledges (ProjID, UID, PledgeTime, Amount, CreditCardNumber)
Values('86103', 'EmmaWatson', '2017-03-17 14:00:00', '2000', '2876565319228374');

INSERT INTO Pledges (ProjID, UID, PledgeTime, Amount, CreditCardNumber)
Values('86103', 'AmyAdams','2017-03-26 11:00:00', '2500', '3822739400802893');

INSERT INTO Pledges (ProjID, UID, PledgeTime, Amount, CreditCardNumber)
Values('86103', 'ChrisEvans','2017-04-02 13:00:00', '3000', '9112838726730800');

#proj4
INSERT INTO Pledges (ProjID, UID, PledgeTime, Amount, CreditCardNumber)
Values('86104', 'ChrisEvans','2017-02-23 12:00:00', '1500', '9112838726730800');

INSERT INTO Pledges (ProjID, UID, PledgeTime, Amount, CreditCardNumber)
Values('86104', 'JamesMcAvoy', '2017-03-09 10:00:00', '1500', '2733678719930998');

INSERT INTO Pledges (ProjID, UID, PledgeTime, Amount, CreditCardNumber)
Values('86104', 'JenniferLawrence', '2017-03-14 15:00:00', '1000', '1922776600982833');

#proj5 
INSERT INTO Pledges (ProjID, UID, PledgeTime, Amount, CreditCardNumber)
Values('86105', 'Sofia250','2017-02-03 11:00:00', '2000', '9822073917482948');

#proj6 
INSERT INTO Pledges (ProjID, UID, PledgeTime, Amount, CreditCardNumber)
Values('86106', 'AmyAdams','2017-03-30 20:00:00', '2500', '3822739400802893');

INSERT INTO Pledges (ProjID, UID, PledgeTime, Amount, CreditCardNumber)
Values('86106', 'TaronEgerton', '2017-04-12 18:00:00', '2000', '9087262256331017');

INSERT INTO Pledges (ProjID, UID, PledgeTime, Amount, CreditCardNumber)
Values('86106', 'TomCruise', '2017-05-09 10:00:00', '1500', '2876335430031982');

#proj7
INSERT INTO Pledges (ProjID, UID, PledgeTime, Amount, CreditCardNumber)
Values('86107', 'TomCruise', '2017-06-13 21:00:00', '2000', '2876335430031982');

#proj8
INSERT INTO Pledges (ProjID, UID, PledgeTime, Amount, CreditCardNumber)
Values('86108', 'CobieSmulders', '2017-04-21 20:00:00', '1500', '9388100238451611');

INSERT INTO Pledges (ProjID, UID, PledgeTime, Amount, CreditCardNumber)
Values('86108', 'JenniferLawrence', '2017-05-04 22:00:00', '2000', '1922776600982833');



#Charges

#proj1
INSERT INTO Charges (ProjID, UID, Amount, CreditCardNumber, ChargedTime)
Values('86101', 'JenniferLawrence', '1500', '1922776600982833', '2017-01-15 21:00:00');

INSERT INTO Charges (ProjID, UID, Amount, CreditCardNumber, ChargedTime)
Values('86101', 'DanStevens', '2500', '9292378300219493', '2017-01-15 21:00:00');

INSERT INTO Charges (ProjID, UID, Amount, CreditCardNumber, ChargedTime)
Values('86101', 'LukeEvans', '2000', '9088228376142234', '2017-01-15 21:00:00');

#proj2
INSERT INTO Charges (ProjID, UID, Amount, CreditCardNumber, ChargedTime)
Values('86102', 'EmmaWatson', '1000', '2876565319228374', '2017-1-20 00:00:00');

INSERT INTO Charges (ProjID, UID, Amount, CreditCardNumber, ChargedTime)
Values('86102', 'CobieSmulders', '1000', '9388100238451611', '2017-1-20 00:00:00');

#proj3
INSERT INTO Charges (ProjID, UID, Amount, CreditCardNumber, ChargedTime)
Values('86103', 'JamesMcAvoy', '3500', '2733678719930998', '2017-04-02 13:00:00');

INSERT INTO Charges (ProjID, UID, Amount, CreditCardNumber, ChargedTime)
Values('86103', 'DanStevens', '3000', '9292378300219493', '2017-04-02 13:00:00');

INSERT INTO Charges (ProjID, UID, Amount, CreditCardNumber, ChargedTime)
Values('86103', 'EmmaWatson', '2000', '2876565319228374', '2017-04-02 13:00:00');

INSERT INTO Charges (ProjID, UID, Amount, CreditCardNumber, ChargedTime)
Values('86103', 'AmyAdams',  '2500', '3822739400802893', '2017-04-02 13:00:00');

INSERT INTO Charges (ProjID, UID, Amount, CreditCardNumber, ChargedTime)
Values('86103', 'ChrisEvans', '3000', '9112838726730800', '2017-04-02 13:00:00');

#proj4
INSERT INTO Charges (ProjID, UID, Amount, CreditCardNumber, ChargedTime)
Values('86104', 'ChrisEvans', '1500', '9112838726730800', '2017-3-20 00:00:00');

INSERT INTO Charges (ProjID, UID, Amount, CreditCardNumber, ChargedTime)
Values('86104', 'JamesMcAvoy', '1500', '2733678719930998', '2017-3-20 00:00:00');

INSERT INTO Charges (ProjID, UID, Amount, CreditCardNumber, ChargedTime)
Values('86104', 'JenniferLawrence', '1000', '1922776600982833', '2017-3-20 00:00:00');




#Likes

INSERT INTO LIKES (UID, ProjID) VALUES ('RyanYu', '86101');

INSERT INTO LIKES (UID, ProjID) VALUES ('RyanYu', '86103');

INSERT INTO LIKES (UID, ProjID) VALUES ('RyanYu', '86106');

INSERT INTO LIKES (UID, ProjID) VALUES ('RyanYu', '86107');

INSERT INTO LIKES (UID, ProjID) VALUES ('BarryZhao', '86101');

INSERT INTO LIKES (UID, ProjID) VALUES ('BarryZhao', '86106');

INSERT INTO LIKES (UID, ProjID) VALUES ('BarryZhao', '86103');

INSERT INTO LIKES (UID, ProjID) VALUES ('BarryZhao', '86104');

INSERT INTO LIKES (UID, ProjID) VALUES ('BobInBrooklyn', '86101');

INSERT INTO LIKES (UID, ProjID) VALUES ('BobInBrooklyn', '86102');

INSERT INTO LIKES (UID, ProjID) VALUES ('BobInBrooklyn', '86103');

INSERT INTO LIKES (UID, ProjID) VALUES ('BobInBrooklyn', '86104');

INSERT INTO LIKES (UID, ProjID) VALUES ('BobInBrooklyn', '86105');

INSERT INTO LIKES (UID, ProjID) VALUES ('Sofia250', '86102');

INSERT INTO LIKES (UID, ProjID) VALUES ('Sofia250', '86103');

INSERT INTO LIKES (UID, ProjID) VALUES ('Sofia250', '86104');

INSERT INTO LIKES (UID, ProjID) VALUES ('Sofia250', '86105');

INSERT INTO LIKES (UID, ProjID) VALUES ('DanStevens', '86101');

INSERT INTO LIKES (UID, ProjID) VALUES ('DanStevens', '86103');

INSERT INTO LIKES (UID, ProjID) VALUES ('DanStevens', '86107');

INSERT INTO LIKES (UID, ProjID) VALUES ('DanStevens', '86108');

INSERT INTO LIKES (UID, ProjID) VALUES ('LukeEvans', '86101');

INSERT INTO LIKES (UID, ProjID) VALUES ('LukeEvans', '86103');

INSERT INTO LIKES (UID, ProjID) VALUES ('LukeEvans', '86106');

INSERT INTO LIKES (UID, ProjID) VALUES ('CobieSmulders', '86101');

INSERT INTO LIKES (UID, ProjID) VALUES ('CobieSmulders', '86103');

INSERT INTO LIKES (UID, ProjID) VALUES ('CobieSmulders', '86108');

INSERT INTO LIKES (UID, ProjID) VALUES ('JenniferLawrence', '86101');

INSERT INTO LIKES (UID, ProjID) VALUES ('JenniferLawrence', '86102');

INSERT INTO LIKES (UID, ProjID) VALUES ('JenniferLawrence', '86103');

INSERT INTO LIKES (UID, ProjID) VALUES ('JenniferLawrence', '86104');

INSERT INTO LIKES (UID, ProjID) VALUES ('TaronEgerton', '86101');

INSERT INTO LIKES (UID, ProjID) VALUES ('TaronEgerton', '86103');

INSERT INTO LIKES (UID, ProjID) VALUES ('TaronEgerton', '86106');

INSERT INTO LIKES (UID, ProjID) VALUES ('TomCruise', '86103');

INSERT INTO LIKES (UID, ProjID) VALUES ('TomCruise', '86106');

INSERT INTO LIKES (UID, ProjID) VALUES ('WentworthMiller', '86101');

INSERT INTO LIKES (UID, ProjID) VALUES ('JamesMcAvoy', '86103');

INSERT INTO LIKES (UID, ProjID) VALUES ('JamesMcAvoy', '86104');

INSERT INTO LIKES (UID, ProjID) VALUES ('JamesMcAvoy', '86108');

INSERT INTO LIKES (UID, ProjID) VALUES ('AmyAdams', '86102');



#Materials

INSERT INTO Materials (MID, MName, MDescription, UID, MPath, UploadTime)
Values ('123001','BlackWidow1', 'The first sample of Black Widow! :)', 'ScarlettJohansson', 'Materials/bw1.jpg', '2017-01-05 18:00:00' );

INSERT INTO Materials (MID, MName, MDescription, UID, MPath, UploadTime)
Values ('123002','BlackWidow2', 'Here is the second sample, excited!','ScarlettJohansson', 'Materials/bw2.jpg', '2017-01-05 19:00:00' );

INSERT INTO Materials (MID, MName, MDescription, UID, MPath, UploadTime)
Values ('123003','Behind BW ongoing','Still ongoing!', 'ScarlettJohansson', 'Materials/bw3.jpg', '2017-01-20 15:00:00' );


#Attach

INSERT INTO Attach (MID, ProjID)
Values ('123001','86101');

INSERT INTO Attach (MID, ProjID)
Values ('123002','86101');


#StageUpdate

INSERT INTO StageUpdate (UID, ProjID, MID, UpdateTime)
Values ('ScarlettJohansson', '86101', '123003','2017-01-20 16:00:00');



#Reviews


INSERT INTO Reviews (UID, ProjID, Rating, RateTime, UserReview)
	VALUES('JenniferLawrence', '86101', '4', '2017-02-02 14:00:00', 'This project is good!');
INSERT INTO Reviews (UID, ProjID, Rating, RateTime, UserReview)
	VALUES('DanStevens', '86101', '5', '2017-02-02 17:00:00', 'I agree with Jenn.');
INSERT INTO Reviews (UID, ProjID, Rating, RateTime, UserReview)
	VALUES('LukeEvans', '86101', '5', '2017-02-03 22:00:00', 'My pledges worth!');


INSERT INTO Reviews (UID, ProjID, Rating, RateTime, UserReview)
	VALUES('EmmaWatson', '86102', '4', '2017-01-31 18:00:00', 'Well Done!');
INSERT INTO Reviews (UID, ProjID, Rating, RateTime, UserReview)
	VALUES('CobieSmulders', '86102', '5', '2017-02-04 09:00:00', 'This is the best project I have seen. Good job!');


INSERT INTO Reviews (UID, ProjID, Rating, RateTime, UserReview)
	VALUES('ChrisEvans', '86104', '4', '2017-04-17 11:30:00', 'Good job!');
INSERT INTO Reviews (UID, ProjID, Rating, RateTime, UserReview)
	VALUES('JamesMcAvoy', '86104', '3', '2017-04-17 21:50:00', 'Well, it is not bad.');
INSERT INTO Reviews (UID, ProjID, Rating, RateTime, UserReview)
	VALUES('JenniferLawrence', '86104', '5', '2017-04-19 13:15:00', 'This is a good project.');



#Comments

INSERT INTO Comments (UID, ProjID, UserComment, CommentTime)
	Values('JenniferLawrence','86101', 'Black widow is so cool!', '2017-01-12 18:00:00');


INSERT INTO Comments (UID, ProjID, UserComment, CommentTime)
	Values('EmmaWatson','86102', 'OMG I cannot wait!', '2017-01-17 19:00:00');


INSERT INTO Comments (UID, ProjID, UserComment, CommentTime)
	Values('ChrisEvans', '86103', 'Wish you could finish it before June.','2017-04-18 09:00:00');


INSERT INTO Comments (UID, ProjID, UserComment, CommentTime)
	Values('TomCruise', '86106', 'I would definitely call my friends to sponsor you.','2017-05-10 10:00:00');



#Activies
#Only insert the one without update

INSERT INTO Activities(UID, ProjID, ProjName, HappenTime, ActiContent, ActiType) VALUES ('RyanGosling','86103','Ma Ma Land', '2017-04-02 13:00:00', null, 'ongoing');
INSERT INTO Activities(UID, ProjID, ProjName, HappenTime, ActiContent, ActiType) VALUES ('ScarlettJohansson', '86101', 'Behind the Black Widow', '2017-02-01 14:00:00', 'A musical show on love, friendship and family of the superhero Black Widow.
	We want this show to be an engaging, beautiful and emotive piece of theater, that actually says something about the great woman,
	and to contribute to the ever-expanding dialogue on superhero‘s psychological pressure.', 'complete');
INSERT INTO Activities(UID, ProjID, ProjName, HappenTime, ActiContent, ActiType) VALUES ('ScarlettJohansson', '86102', 'Highway to Hollywood', '2017-01-30 18:00:00', 'Webseries documenting a beautiful actress on a road trip to Hollywood.
	She would document every moment and there are 11 target cities she need to hit along the way', 'complete');
INSERT INTO Activities(UID, ProjID, ProjName, HappenTime, ActiContent, ActiType) VALUES ('ScarlettJohansson', '86104', 'Actors Co-op Easter Show', '2017-04-16 10:00:00', 'The Young Actors Co-op of California performs "An Easter Day Show" in April.
		The sets will be huge! The cast is huge! The budget is small... ', 'complete');




